organization, repository, commits
cucumbertown, punjab, 0
cucumbertown, django-gearman, 0
cucumbertown, timing, 0
cucumbertown, git-commit-notifier, 0
cucumbertown, django-haystack, 0
exotel, rest-client, 0
exotel, km-db, 0
exotel, dashing, 0
exotel, ExotelAPI, 4
flipkart, padrino-rpm, 0
flipkart, decimal-money, 0
flipkart, RestExpress, 0
flipkart, sbt-scct, 0
flipkart, acts_as_tenant, 0
flipkart, hcatalog, 0
flipkart, padrino-framework, 0
flipkart, rails, 0
flipkart, thread_safe, 0
flipkart, bundler, 0
flipkart, activerecord_use_slave, 0
flipkart, metrics, 235
flipkart, swagger-codegen, 0
flipkart, swagger-maven-plugin, 0
flipkart, dropwizard, 0
flipkart, azkaban2, 1
flipkart, azkaban-plugins, 4
flipkart, minnal, 0
flipkart, activeldap, 0
flipkart, pig, 0
flipkart, DTCoreText, 1
flipkart, rest-client, 0
flipkart, aw-reporting, 13
flipkart, camus, 1
flipkart, neo4j, 0
flipkart, neo4j-lucene4-index, 0
flipkart, open-replicator, 7
flipkart, betamax, 0
flipkart, hive-udf, 5
flipkart, RationalArithmetic, 0
flipkart, databus, 1
flipkart, load_balancer_adapter, 0
flipkart, pdf.js, 31
flipkart, collectd, 109
flipkart, redis-session-store, 0
flipkart, lucene-solr, 0
flipkart, ribbon, 0
flipkart, zxing, 0
flipkart, mtcp, 0
flipkart, Sql4D, 1
freshdesk, Marketo, 0
freshdesk, resque, 0
freshdesk, deadlock_retry, 0
freshdesk, tire, 1
freshdesk, ruby-yui-compressor, 0
freshdesk, actionmailer-callbacks, 0
freshdesk, seamless_database_pool, 0
freshdesk, socket.io, 0
freshdesk, octopus, 0
freshdesk, after_commit, 0
freshdesk, cloudfront_asset_host, 0
freshdesk, large-hadron-migrator, 3
freshdesk, rinku, 0
freshdesk, rails, 0
freshdesk, ruby-openid, 0
freshdesk, paperclip, 0
freshdesk, fresh-smiles, 2
freshdesk, akismetor, 0
freshdesk, rate-limiting, 11
freshdesk, socket.io-adapter, 0
freshdesk, socket.io-redis, 0
freshdesk, socket.io-emitter, 0
freshdesk, omniauth-salesforce, 0
freshdesk, map-fields, 0
hasgeek, css-workshop, 0
hasgeek, workshops, 0
hasgeek, stashboard, 0
hasgeek, limeframe, 7
hasgeek, oddc, 4
hackerearth, django-storages, 0
hackerearth, elock, 0
hackerearth, offline, 0
hackerearth, django-debug-toolbar, 0
hackerearth, apache-mpm-settings, 0
instamojo, inuit.css, 0
instamojo, immoral, 11
instamojo, instamojo-php, 9
instamojo, instamojo-wordpress-plugin, 11
instamojo, gomojo, 0
instamojo, Instamojo-rb, 0
instamojo, slackard, 0
instamojo, instamojo-prestashop, 0
instamojo, huxley, 0
myntra, deploy, 0
myntra, AFNetworking, 0
myntra, Mantle, 0
myntra, librato-iOS, 4
myntra, ARAnalytics, 4
myntra, ObjectiveSugar, 0
myntra, elasticsearch, 0
myntra, robospice, 0
practo, mail_transport_postmark, 0
practo, monolog, 0
practo, libphonenumber-for-php, 1
practo, python-openid, 0
practo, php-openid, 0
practo, CacheBundle, 0
practo, fullcalendar, 0
practo, flask-mail, 1
practo, KunstmaanSentryBundle, 0
practo, raven-php, 35
practo, seyren, 12
practo, whoami, 0
practo, Sentry-Android, 38
practo, ActionBarPlus, 7
practo, scalatra-openid-consumer, 0
practo, gelf-php, 0
practo, angularjs-google-maps, 0
shephertz, junglechaos_social, 0
shephertz, spacewarefare, 0
shephertz, App42-Android-Analytics, 0
urbanladder, opsworks-cookbooks, 0
urbanladder, melinis, 13
urbanladder, spree_static_content, 0
wingify, rabbitmq-munin, 0
wingify, angular-translate, 0
wingify, ui-router, 53
wingify, bootstrap, 0
wingify, ngQuickDate, 31
wingify, heatmap.js, 0
wingify, angular-date-range-picker, 8
wingify, raven-js, 1
wingify, metamorph.js, 0
wingify, qunit, 0
wingify, bindonce, 0
wingify, angular.js, 0
wingify, vdom, 0
